{
  "camera": {
    "camera": {
      "x": -5.752194609873782,
      "y": 8.263033267887776,
      "z": 21.109289323828467
    },
    "target": {
      "x": 3.7937504838976936,
      "y": 4.389052838713573,
      "z": 1.2632013492312417
    }
  },
  "faces": [
    {
      "meshid": 52,
      "meshindex": 11,
      "faceindex": 4
    },
    {
      "meshid": 52,
      "meshindex": 11,
      "faceindex": 5
    }
  ]
}
