{
  "camera": {
    "camera": {
      "x": 5.717864875625592,
      "y": 6.425735253605292,
      "z": -15.550195108638553
    },
    "target": {
      "x": 1.5703685132124137,
      "y": 6.456150586283115,
      "z": -9.163610772610152
    }
  },
  "faces": [
    {
      "meshid": 54,
      "meshindex": 12,
      "faceindex": 24
    },
    {
      "meshid": 54,
      "meshindex": 12,
      "faceindex": 25
    }
  ]
}
